total_time_elapsed_sec,txs_sent,time_to_send_txs,txs_confirmed,txs_un_confirmed,tps
8.706527745,20000,5.82304711,14471,5529,1662.0862442332916
8.706527745,20000,5.82304711,14471,5529,1662.0862442332916
