time_elapsed_sec,txs_sent,txs_confirmed,txs_un_confirmed,tps
3.72111197,10000,9836,164,2643.2958963070387
3.808483126,10000,9999,1,2625.4547202108306
4.130764515,10000,9999,1,2420.617288565044
3.8867865370000003,10000,9944,55,2563.122635027638
