total_time_elapsed_sec,txs_sent,time_to_send_txs,txs_confirmed,txs_un_confirmed,tps
16.2029367,20000,15.098782,19034,966,1174.7253200094278
17.9569578,20000,16.8065609,19058,942,1061.3156310920326
18.089355,20000,16.9336721,19077,923,1054.5981324375578
20.1161984,20000,19.0551115,19028,972,945.9043712752407
18.6026358,20000,17.4969794,19109,891,1027.2200243795558
18.193616740000003,20000,17.07822118,19061,938,1052.752695838763
