total_time_elapsed_sec,txs_sent,time_to_send_txs,txs_confirmed,txs_un_confirmed,tps
8.743526054,20000,5.726370127,13705,6295,1567.4454350976878
8.743526054,20000,5.726370127,13705,6295,1567.4454350976878
