time_elapsed_sec,txs_sent,txs_confirmed,txs_un_confirmed,tps
8.288878912,10000,9556,444,1152.8700203552933
8.288878912,10000,9556,444,1152.8700203552933
