time_elapsed_sec,txs_sent,txs_confirmed,txs_un_confirmed,tps
12.032304419,20000,19171,829,1593.294129903114
12.04903728,20000,19173,827,1591.2474627184488
11.402919085,20000,19080,920,1673.2557565105267
9.711972646,20000,19162,838,1973.0286213164034
10.691780508,20000,19105,895,1786.8866636108837
11.1776027876,20000,19138,861,1723.5425268118754
