total_time_elapsed_sec,txs_sent,time_to_send_txs,txs_confirmed,txs_un_confirmed,tps
19.0555698,20000,17.5988309,18893,1107,991.4686466106093
19.0555698,20000,17.5988309,18893,1107,991.4686466106093
