total_time_elapsed_sec,txs_sent,time_to_send_txs,txs_confirmed,txs_un_confirmed,tps
8.96211512,20000,6.054988221,14321,5679,1597.9486770975554
8.96211512,20000,6.054988221,14321,5679,1597.9486770975554
