total_time_elapsed_sec,txs_sent,time_to_send_txs,txs_confirmed,txs_un_confirmed,tps
8.571071633,20000,5.833466777,14360,5640,1675.4031018375458
8.571071633,20000,5.833466777,14360,5640,1675.4031018375458
